timestamp,asin,title,price,currency,rating,stock,url
2026-09-28 16:44:00,B0G25ZDVSR,"2 PCS Service Dog in Training Patches, Black Service Dog Patch with Hook and Loop, Red Border Pet Ve",44.63,HKD,4.8,In Stock,https://www.amazon.com/dp/B0G25ZDVSR
2026-09-28 18:32:07,B0G25ZDVSR,"2 PCS Service Dog in Training Patches, Black Service Dog Patch with Hook and Loop, Red Border Pet Ve",5.69,USD,4.8,In Stock,https://www.amazon.com/dp/B0G25ZDVSR
2026-10-01 09:12:59,B0FWJRDJYK,"Dog Harness and Leash Set for Large Dogs, No Pull Tactical Dog Harness, Service Dog Vest with Name P",24.59,USD,4.3,In Stock,https://www.amazon.com/dp/B0FWJRDJYK
2026-10-01 09:12:59,B0BL3MJJVZ,"Amazon Basics No-Pull Dog Harness, Soft Padded Adjustable Vest with Reflective Stripes, Medium, Blac",14.87,USD,4.1,In Stock,https://www.amazon.com/dp/B0BL3MJJVZ
2026-10-01 09:12:59,B0F52M3YWV,"Plutus Pet No Pull Dog Harness with Leather Accents, Adjustable Reflective",16.99,USD,4.1,In Stock,https://www.amazon.com/dp/B0F52M3YWV
2026-10-01 09:12:59,B01LYNW421,Beckham Hotel Collection Bed Pillows Standard/Queen Size Set of 2,41.96,USD,4.3,In Stock,https://www.amazon.com/dp/B01LYNW421
2026-10-01 09:12:59,B0CKYZPPMJ,"Zinus Memory Foam 8 Inch Green Tea Mattress, Twin",87.0,USD,4.4,Only 2 left in stock - order soon.,https://www.amazon.com/dp/B0CKYZPPMJ
2026-10-01 09:20:11,B0CKYZPPMJ,"Zinus Memory Foam 8 Inch Green Tea Mattress, Twin",682.63,HKD,4.4,Only 2 left in stock - order soon.,https://www.amazon.com/dp/B0CKYZPPMJ
2026-10-01 09:20:11,B01LYNW421,Beckham Hotel Collection Bed Pillows Standard/Queen Size Set of 2,329.23,HKD,4.3,In Stock,https://www.amazon.com/dp/B01LYNW421
2026-10-01 09:20:11,B095CN96JS,"Amazon Basics 2-Ply Soft Toilet Paper, 30 Rolls (5 Packs of 6), 350 Sheets per Roll, Septic Safe, Eq",167.99,HKD,4.4,In Stock,https://www.amazon.com/dp/B095CN96JS
2026-10-01 09:20:11,B0F5JFTR1Q,"Ninja Luxe Café Pro Series, Espresso, Cold Brew, Hot Water, ES701",4707.39,HKD,4.2,In Stock,https://www.amazon.com/dp/B0F5JFTR1Q
2026-10-01 09:20:11,B09JFR8HTV,J.VER Men's Dress Shirts Solid Long Sleeve Stretch Wrinkle-Free Formal Shirt Business Casual Button ,133.31,HKD,4.5,In Stock,https://www.amazon.com/dp/B09JFR8HTV
2026-10-01 09:27:32,B0CKYZPPMJ,"Zinus Memory Foam 8 Inch Green Tea Mattress, Twin",682.63,HKD,4.4,Only 2 left in stock - order soon.,https://www.amazon.com/dp/B0CKYZPPMJ
2026-10-01 09:27:32,B01LYNW421,Beckham Hotel Collection Bed Pillows Standard/Queen Size Set of 2,41.96,USD,4.3,In Stock,https://www.amazon.com/dp/B01LYNW421
2026-10-01 09:27:32,B095CN96JS,"Amazon Basics 2-Ply Soft Toilet Paper, 30 Rolls (5 Packs of 6), 350 Sheets per Roll, Septic Safe, Eq",21.41,USD,4.4,In Stock,https://www.amazon.com/dp/B095CN96JS
2026-10-01 09:27:32,B0F5JFTR1Q,"Ninja Luxe Café Pro Series, Espresso, Cold Brew, Hot Water, ES701",4707.39,HKD,4.2,In Stock,https://www.amazon.com/dp/B0F5JFTR1Q
2026-10-01 09:27:32,B09JFR8HTV,J.VER Men's Dress Shirts Solid Long Sleeve Stretch Wrinkle-Free Formal Shirt Business Casual Button ,16.99,$,4.5,In Stock,https://www.amazon.com/dp/B09JFR8HTV
2026-10-01 09:31:24,B0CKYZPPMJ,"Zinus Memory Foam 8 Inch Green Tea Mattress, Twin",682.63,HKD,4.4,Only 2 left in stock - order soon.,https://www.amazon.com/dp/B0CKYZPPMJ
2026-10-01 09:31:24,B01LYNW421,Beckham Hotel Collection Bed Pillows Standard/Queen Size Set of 2,329.23,HKD,4.3,In Stock,https://www.amazon.com/dp/B01LYNW421
2026-10-01 09:31:24,B095CN96JS,"Amazon Basics 2-Ply Soft Toilet Paper, 30 Rolls (5 Packs of 6), 350 Sheets per Roll, Septic Safe, Eq",167.99,HKD,4.4,In Stock,https://www.amazon.com/dp/B095CN96JS
2026-10-01 09:31:24,B0F5JFTR1Q,"Ninja Luxe Café Pro Series, Espresso, Cold Brew, Hot Water, ES701",4707.39,HKD,4.2,In Stock,https://www.amazon.com/dp/B0F5JFTR1Q
2026-10-01 09:31:24,B09JFR8HTV,J.VER Men's Dress Shirts Solid Long Sleeve Stretch Wrinkle-Free Formal Shirt Business Casual Button ,133.31,HKD,4.5,In Stock,https://www.amazon.com/dp/B09JFR8HTV
2026-10-01 09:36:22,B0CKYZPPMJ,"Zinus Memory Foam 8 Inch Green Tea Mattress, Twin",87.0,USD,4.4,Only 2 left in stock - order soon.,https://www.amazon.com/dp/B0CKYZPPMJ
2026-10-01 09:36:22,B01LYNW421,Beckham Hotel Collection Bed Pillows Standard/Queen Size Set of 2,329.23,HKD,4.3,In Stock,https://www.amazon.com/dp/B01LYNW421
2026-10-01 09:36:22,B095CN96JS,"Amazon Basics 2-Ply Soft Toilet Paper, 30 Rolls (5 Packs of 6), 350 Sheets per Roll, Septic Safe, Eq",167.99,HKD,4.4,In Stock,https://www.amazon.com/dp/B095CN96JS
2026-10-01 09:36:22,B0F5JFTR1Q,"Ninja Luxe Café Pro Series, Espresso, Cold Brew, Hot Water, ES701",599.95,USD,4.2,In Stock,https://www.amazon.com/dp/B0F5JFTR1Q
2026-10-01 09:36:22,B09JFR8HTV,J.VER Men's Dress Shirts Solid Long Sleeve Stretch Wrinkle-Free Formal Shirt Business Casual Button ,133.31,HKD,4.5,In Stock,https://www.amazon.com/dp/B09JFR8HTV
2026-10-01 09:41:21,B0CKYZPPMJ,"Zinus Memory Foam 8 Inch Green Tea Mattress, Twin",682.63,HKD,4.4,Only 2 left in stock - order soon.,https://www.amazon.com/dp/B0CKYZPPMJ
2026-10-01 09:41:21,B01LYNW421,Beckham Hotel Collection Bed Pillows Standard/Queen Size Set of 2,470.7,HKD,4.3,In Stock,https://www.amazon.com/dp/B01LYNW421
2026-10-01 09:41:21,B095CN96JS,"Amazon Basics 2-Ply Soft Toilet Paper, 30 Rolls (5 Packs of 6), 350 Sheets per Roll, Septic Safe, Eq",167.99,HKD,4.4,In Stock,https://www.amazon.com/dp/B095CN96JS
2026-10-01 09:41:21,B0F5JFTR1Q,"Ninja Luxe Café Pro Series, Espresso, Cold Brew, Hot Water, ES701",4707.39,HKD,4.2,In Stock,https://www.amazon.com/dp/B0F5JFTR1Q
2026-10-01 09:41:21,B09JFR8HTV,J.VER Men's Dress Shirts Solid Long Sleeve Stretch Wrinkle-Free Formal Shirt Business Casual Button ,133.31,HKD,4.5,In Stock,https://www.amazon.com/dp/B09JFR8HTV
2026-10-01 09:46:43,B0CKYZPPMJ,"Zinus Memory Foam 8 Inch Green Tea Mattress, Twin",682.63,HKD,4.4,Only 2 left in stock - order soon.,https://www.amazon.com/dp/B0CKYZPPMJ
2026-10-01 09:46:43,B01LYNW421,Beckham Hotel Collection Bed Pillows Standard/Queen Size Set of 2,52.8,EUR,4.3,In Stock,https://www.amazon.com/dp/B01LYNW421
2026-10-01 09:46:43,B095CN96JS,"Amazon Basics 2-Ply Soft Toilet Paper, 30 Rolls (5 Packs of 6), 350 Sheets per Roll, Septic Safe, Eq",167.99,HKD,4.4,In Stock,https://www.amazon.com/dp/B095CN96JS
2026-10-01 09:46:43,B0F5JFTR1Q,"Ninja Luxe Café Pro Series, Espresso, Cold Brew, Hot Water, ES701",528.02,EUR,4.2,In Stock,https://www.amazon.com/dp/B0F5JFTR1Q
2026-10-01 09:46:43,B09JFR8HTV,J.VER Men's Dress Shirts Solid Long Sleeve Stretch Wrinkle-Free Formal Shirt Business Casual Button ,14.95,EUR,4.5,In Stock,https://www.amazon.com/dp/B09JFR8HTV
2026-10-01 09:51:23,B0CKYZPPMJ,"Zinus Memory Foam 8 Inch Green Tea Mattress, Twin",682.63,HKD,4.4,Only 2 left in stock - order soon.,https://www.amazon.com/dp/B0CKYZPPMJ
2026-10-01 09:51:23,B01LYNW421,Beckham Hotel Collection Bed Pillows Standard/Queen Size Set of 2,470.7,HKD,4.3,In Stock,https://www.amazon.com/dp/B01LYNW421
2026-10-01 09:51:23,B095CN96JS,"Amazon Basics 2-Ply Soft Toilet Paper, 30 Rolls (5 Packs of 6), 350 Sheets per Roll, Septic Safe, Eq",167.99,HKD,4.4,In Stock,https://www.amazon.com/dp/B095CN96JS
2026-10-01 09:51:23,B0F5JFTR1Q,"Ninja Luxe Café Pro Series, Espresso, Cold Brew, Hot Water, ES701",4707.39,HKD,4.2,In Stock,https://www.amazon.com/dp/B0F5JFTR1Q
2026-10-01 09:51:23,B09JFR8HTV,J.VER Men's Dress Shirts Solid Long Sleeve Stretch Wrinkle-Free Formal Shirt Business Casual Button ,133.31,HKD,4.5,In Stock,https://www.amazon.com/dp/B09JFR8HTV
2026-10-01 09:56:25,B0CKYZPPMJ,"Zinus Memory Foam 8 Inch Green Tea Mattress, Twin",682.63,HKD,4.4,Only 2 left in stock - order soon.,https://www.amazon.com/dp/B0CKYZPPMJ
2026-10-01 09:56:25,B01LYNW421,Beckham Hotel Collection Bed Pillows Standard/Queen Size Set of 2,470.7,HKD,4.3,In Stock,https://www.amazon.com/dp/B01LYNW421
2026-10-01 09:56:25,B095CN96JS,"Amazon Basics 2-Ply Soft Toilet Paper, 30 Rolls (5 Packs of 6), 350 Sheets per Roll, Septic Safe, Eq",167.99,HKD,4.4,In Stock,https://www.amazon.com/dp/B095CN96JS
2026-10-01 09:56:25,B0F5JFTR1Q,"Ninja Luxe Café Pro Series, Espresso, Cold Brew, Hot Water, ES701",4707.39,HKD,4.2,In Stock,https://www.amazon.com/dp/B0F5JFTR1Q
2026-10-01 09:56:25,B09JFR8HTV,J.VER Men's Dress Shirts Solid Long Sleeve Stretch Wrinkle-Free Formal Shirt Business Casual Button ,133.31,HKD,4.5,In Stock,https://www.amazon.com/dp/B09JFR8HTV
2026-10-01 10:01:21,B0CKYZPPMJ,"Zinus Memory Foam 8 Inch Green Tea Mattress, Twin",682.63,HKD,4.4,Only 2 left in stock - order soon.,https://www.amazon.com/dp/B0CKYZPPMJ
2026-10-01 10:01:21,B01LYNW421,Beckham Hotel Collection Bed Pillows Standard/Queen Size Set of 2,59.99,USD,4.3,In Stock,https://www.amazon.com/dp/B01LYNW421
2026-10-01 10:01:21,B095CN96JS,"Amazon Basics 2-Ply Soft Toilet Paper, 30 Rolls (5 Packs of 6), 350 Sheets per Roll, Septic Safe, Eq",167.99,HKD,4.4,In Stock,https://www.amazon.com/dp/B095CN96JS
2026-10-01 10:01:21,B0F5JFTR1Q,"Ninja Luxe Café Pro Series, Espresso, Cold Brew, Hot Water, ES701",4707.39,HKD,4.2,In Stock,https://www.amazon.com/dp/B0F5JFTR1Q
2026-10-01 10:01:21,B09JFR8HTV,J.VER Men's Dress Shirts Solid Long Sleeve Stretch Wrinkle-Free Formal Shirt Business Casual Button ,133.31,HKD,4.5,In Stock,https://www.amazon.com/dp/B09JFR8HTV
2026-10-01 10:06:23,B0CKYZPPMJ,"Zinus Memory Foam 8 Inch Green Tea Mattress, Twin",682.63,HKD,4.4,Only 2 left in stock - order soon.,https://www.amazon.com/dp/B0CKYZPPMJ
2026-10-01 10:06:23,B01LYNW421,Beckham Hotel Collection Bed Pillows Standard/Queen Size Set of 2,470.7,HKD,4.3,In Stock,https://www.amazon.com/dp/B01LYNW421
2026-10-01 10:06:23,B095CN96JS,"Amazon Basics 2-Ply Soft Toilet Paper, 30 Rolls (5 Packs of 6), 350 Sheets per Roll, Septic Safe, Eq",21.41,USD,4.4,In Stock,https://www.amazon.com/dp/B095CN96JS
2026-10-01 10:06:23,B0F5JFTR1Q,"Ninja Luxe Café Pro Series, Espresso, Cold Brew, Hot Water, ES701",4707.39,HKD,4.2,In Stock,https://www.amazon.com/dp/B0F5JFTR1Q
2026-10-01 10:06:23,B09JFR8HTV,J.VER Men's Dress Shirts Solid Long Sleeve Stretch Wrinkle-Free Formal Shirt Business Casual Button ,133.31,HKD,4.5,In Stock,https://www.amazon.com/dp/B09JFR8HTV
